subreddit,date,n_posts,avg_sentiment
food,2025-08-16,6,0.8333333333333334
food,2025-08-17,18,0.8333333333333334
food,2025-08-18,18,0.7222222222222222
food,2025-08-19,6,1.0
food,2025-08-20,14,0.9285714285714286
food,2025-08-21,9,0.7777777777777778
food,2025-08-22,18,0.8333333333333334
food,2025-08-23,10,0.8
food,2025-08-24,17,0.9411764705882353
food,2025-08-25,13,0.6153846153846154
food,2025-08-26,24,0.7083333333333334
food,2025-08-27,9,0.8888888888888888
food,2025-08-28,10,0.7
food,2025-08-29,15,0.8666666666666667
food,2025-08-30,8,0.875
