subreddit,date,n_posts
AskAnAmerican,2015-12-01,20
AskAnAmerican,2016-12-01,81
AskAnAmerican,2017-12-01,105
AskAnAmerican,2018-12-01,166
AskAnAmerican,2019-12-01,173
AskAnAmerican,2020-12-01,242
AskAnAmerican,2021-12-01,230
AskAnAmerican,2022-12-01,172
AskAnAmerican,2023-12-01,344
Costco,2015-12-01,67
Costco,2016-12-01,102
Costco,2017-12-01,117
Costco,2018-12-01,231
Costco,2019-12-01,297
Costco,2020-12-01,552
Costco,2021-12-01,554
Costco,2022-12-01,667
Costco,2023-12-01,1655
Frugal,2015-12-01,493
Frugal,2016-12-01,480
Frugal,2017-12-01,607
Frugal,2018-12-01,497
Frugal,2019-12-01,439
Frugal,2020-12-01,424
Frugal,2021-12-01,416
Frugal,2022-12-01,688
Frugal,2023-12-01,749
economy,2012-03-01,85
economy,2012-06-01,66
economy,2012-09-01,83
economy,2012-12-01,40
economy,2013-03-01,78
economy,2013-06-01,74
economy,2013-09-01,62
economy,2013-12-01,88
economy,2014-03-01,77
economy,2014-06-01,60
economy,2014-09-01,94
economy,2014-12-01,92
economy,2015-03-01,143
economy,2015-06-01,121
economy,2015-09-01,85
economy,2015-12-01,109
economy,2016-03-01,103
economy,2016-06-01,123
economy,2016-09-01,129
economy,2016-12-01,87
economy,2017-03-01,102
economy,2017-06-01,246
economy,2017-09-01,124
economy,2017-12-01,93
economy,2018-03-01,100
economy,2018-06-01,108
economy,2018-09-01,103
economy,2018-12-01,119
economy,2019-03-01,120
economy,2019-06-01,102
economy,2019-09-01,81
economy,2019-12-01,84
economy,2020-03-01,173
economy,2020-06-01,165
economy,2020-09-01,153
economy,2020-12-01,157
economy,2021-03-01,251
economy,2021-06-01,200
economy,2021-09-01,200
economy,2021-12-01,233
economy,2022-03-01,567
economy,2022-06-01,740
economy,2022-09-01,558
economy,2022-12-01,367
economy,2023-03-01,376
economy,2023-06-01,348
economy,2023-09-01,511
economy,2023-12-01,545
economy,2024-03-01,523
economy,2024-06-01,448
economy,2024-09-01,400
food,2012-03-01,714
food,2012-06-01,635
food,2012-09-01,606
food,2012-12-01,587
food,2013-03-01,768
food,2013-06-01,636
food,2013-09-01,522
food,2013-12-01,712
food,2014-03-01,694
food,2014-06-01,936
food,2014-09-01,1151
food,2014-12-01,1287
food,2015-03-01,1398
food,2015-06-01,1261
food,2015-09-01,1301
food,2015-12-01,1489
food,2016-03-01,1615
food,2016-06-01,1614
food,2016-09-01,1822
food,2016-12-01,2530
food,2017-03-01,2473
food,2017-06-01,2082
food,2017-09-01,1612
food,2017-12-01,1621
food,2018-03-01,1661
food,2018-06-01,1554
food,2018-09-01,1659
food,2018-12-01,1803
food,2019-03-01,2249
food,2019-06-01,1798
food,2019-09-01,1801
food,2019-12-01,1974
food,2020-03-01,2651
food,2020-06-01,2306
food,2020-09-01,1473
food,2020-12-01,1769
food,2021-03-01,1677
food,2021-06-01,1095
food,2021-09-01,900
food,2021-12-01,998
food,2022-03-01,972
food,2022-06-01,865
food,2022-09-01,910
food,2022-12-01,962
food,2023-03-01,1002
food,2023-06-01,657
food,2023-09-01,571
food,2023-12-01,644
food,2024-03-01,650
food,2024-06-01,705
food,2024-09-01,1033
personalfinance,2015-12-01,3076
personalfinance,2016-12-01,4663
personalfinance,2017-12-01,4739
personalfinance,2018-12-01,4252
personalfinance,2019-12-01,3736
personalfinance,2020-12-01,4219
personalfinance,2021-12-01,3198
personalfinance,2022-12-01,2736
personalfinance,2023-12-01,5557
personalfinance,2024-12-01,4822
povertyfinance,2018-03-01,413
povertyfinance,2018-06-01,255
povertyfinance,2018-09-01,294
povertyfinance,2018-12-01,383
povertyfinance,2019-03-01,401
povertyfinance,2019-06-01,359
povertyfinance,2019-09-01,363
povertyfinance,2019-12-01,489
povertyfinance,2020-03-01,429
povertyfinance,2020-06-01,339
povertyfinance,2020-09-01,319
povertyfinance,2020-12-01,351
povertyfinance,2021-03-01,370
povertyfinance,2021-06-01,312
povertyfinance,2021-09-01,283
povertyfinance,2021-12-01,315
povertyfinance,2022-03-01,411
povertyfinance,2022-06-01,664
povertyfinance,2022-09-01,395
povertyfinance,2022-12-01,532
povertyfinance,2023-03-01,446
povertyfinance,2023-06-01,841
povertyfinance,2023-09-01,1080
povertyfinance,2023-12-01,1153
povertyfinance,2024-03-01,1317
povertyfinance,2024-06-01,1100
povertyfinance,2024-09-01,1007
walmart,2012-03-01,2
walmart,2012-06-01,3
walmart,2012-09-01,3
walmart,2012-12-01,14
walmart,2013-03-01,7
walmart,2013-06-01,3
walmart,2013-09-01,7
walmart,2013-12-01,18
walmart,2014-03-01,33
walmart,2014-06-01,48
walmart,2014-09-01,74
walmart,2014-12-01,90
walmart,2015-03-01,171
walmart,2015-06-01,214
walmart,2015-09-01,264
walmart,2015-12-01,314
walmart,2016-03-01,320
walmart,2016-06-01,432
walmart,2016-09-01,331
walmart,2016-12-01,330
walmart,2017-03-01,366
walmart,2017-06-01,481
walmart,2017-09-01,438
walmart,2017-12-01,452
walmart,2018-03-01,602
walmart,2018-06-01,641
walmart,2018-09-01,633
walmart,2018-12-01,645
walmart,2019-03-01,836
walmart,2019-06-01,949
walmart,2019-09-01,720
walmart,2019-12-01,810
walmart,2020-03-01,1582
walmart,2020-06-01,840
walmart,2020-09-01,964
walmart,2020-12-01,1054
walmart,2021-03-01,931
walmart,2021-06-01,979
walmart,2021-09-01,1069
walmart,2021-12-01,1225
walmart,2022-03-01,1468
walmart,2022-06-01,1331
walmart,2022-09-01,1237
walmart,2022-12-01,1123
walmart,2023-03-01,878
walmart,2023-06-01,1379
walmart,2023-09-01,1599
walmart,2023-12-01,1810
walmart,2024-03-01,1654
walmart,2024-06-01,1766
walmart,2024-09-01,1589
