date,n_posts_total
2012-03-01,801
2012-06-01,704
2012-09-01,692
2012-12-01,641
2013-03-01,853
2013-06-01,713
2013-09-01,591
2013-12-01,818
2014-03-01,804
2014-06-01,1044
2014-09-01,1319
2014-12-01,1469
2015-03-01,1712
2015-06-01,1596
2015-09-01,1650
2015-12-01,5568
2016-03-01,2038
2016-06-01,2169
2016-09-01,2282
2016-12-01,8273
2017-03-01,2941
2017-06-01,2809
2017-09-01,2174
2017-12-01,7734
2018-03-01,2776
2018-06-01,2558
2018-09-01,2689
2018-12-01,8096
2019-03-01,3606
2019-06-01,3208
2019-09-01,2965
2019-12-01,8002
2020-03-01,4835
2020-06-01,3650
2020-09-01,2909
2020-12-01,8768
2021-03-01,3229
2021-06-01,2586
2021-09-01,2452
2021-12-01,7169
2022-03-01,3418
2022-06-01,3600
2022-09-01,3100
2022-12-01,7247
2023-03-01,2702
2023-06-01,3225
2023-09-01,3761
2023-12-01,12457
2024-03-01,4144
2024-06-01,4019
2024-09-01,4029
2024-12-01,4822
